{
    "Quantity": {
        "Grade ID": -0.12468117873140058,
        "Destination ID": 0.04691244024979375, 
        "Origin ID": 0.040309572740308, 
        "Quantity": 1.0
    }, 
    "Origin ID": {
        "Grade ID": 0.012506465654189058,
        "Destination ID": -0.022338197612921048, 
        "Origin ID": 1.0, 
        "Quantity": 0.040309572740308
    }, 
    "Destination ID": {
        "Grade ID": -0.011678743139269315,
        "Destination ID": 1.0, 
        "Origin ID": -0.022338197612921048, 
        "Quantity": 0.04691244024979375
        }, 
    "Grade ID": {
        "Grade ID": 1.0,
        "Destination ID": -0.011678743139269315, 
        "Origin ID": 0.012506465654189058, 
        "Quantity": -0.12468117873140058 
    }
}